{
  "models": {
    "illumination_cnn": {
      "targets": [
        "sun_azimuth_deg",
        "sun_elevation_deg"
      ],
      "target_mean": [
        95.42555236816406,
        7.83768367767334
      ],
      "target_std": [
        1.765783429145813,
        0.0025786778423935175
      ],
      "patch_size": 96,
      "metrics": {
        "sun_azimuth_deg_mae": 1.6080622673034668,
        "sun_elevation_deg_mae": 0.002215809188783169
      }
    },
    "view_geometry_cnn": {
      "targets": [
        "off_nadir_deg",
        "view_azimuth_deg"
      ],
      "target_mean": [
        17.462461471557617,
        269.3472900390625
      ],
      "target_std": [
        0.10816429555416107,
        0.05706753954291344
      ],
      "patch_size": 96,
      "metrics": {
        "off_nadir_deg_mae": 0.10521020740270615,
        "view_azimuth_deg_mae": 0.0512678362429142
      }
    },
    "scene_context_cnn": {
      "targets": [
        "gsd_m",
        "centroid_lat_deg",
        "centroid_lon_deg"
      ],
      "target_mean": [
        7.738461971282959,
        12.931831359863281,
        -57.47998046875
      ],
      "target_std": [
        0.09230910241603851,
        3.4640579223632812,
        0.510104775428772
      ],
      "patch_size": 96,
      "metrics": {
        "gsd_m_mae": 0.08285414427518845,
        "centroid_lat_deg_mae": 3.1490790843963623,
        "centroid_lon_deg_mae": 0.5092051029205322
      }
    }
  },
  "scene_count": 18,
  "patches_per_scene": 16,
  "note": "real_onnx_models"
}